41001,-0.25342643481550076
41003,-0.5865086884029442
41005,-0.5121533610459128
41007,-0.5305920503958826
41009,-0.5262296392202876
41011,-0.5103666855431713
41013,-0.5135405694129536
41015,-0.5473313458820068
41017,-0.5543058817494507
41019,-0.623839398598283
41021,-0.08925473311999312
41023,-0.49807169183987765
41025,-0.3735918125583257
41027,-0.39223492828248036
41029,-0.5234838269679328
41031,-0.02056367635823896
41033,-0.5887136403753902
41035,-0.5386423287613644
41037,-0.19737604429575428
41039,-0.5493738693138005
41041,-0.4271920591508609
41043,-0.5663803931576448
41045,0.4956741289035405
41047,-0.37050443201460465
41049,0.19674704643085128
41051,-0.44483526015671054
41053,-0.5199020310714407
41055,-0.3891360311467029
41057,-0.5831557653428938
41059,0.0197865222160681
41061,-0.21797606607049688
41063,-0.4920209833577476
41065,-0.3762070044716153
41067,-0.5159078983276242
41069,0.26229723597702637
41071,-0.4934721818925579
33001,-0.5322022602041474
33003,-0.5752753649071662
33005,-0.5818076191628102
33007,-0.5231560470595116
33009,-0.6534231422336877
33011,-0.3578028316623477
33013,-0.5121705100429153
33015,-0.48370209764461836
33017,-0.511892255644751
33019,-0.6022286410049565
25001,-0.4494958507249078
25003,-0.5205461887048086
25005,-0.1586004809717113
25007,-0.4561323526115142
25009,-0.050670927971509065
25011,-0.5031144078356958
25013,-0.16055035810047225
25015,-0.4521974441409316
25017,-0.2790859806440322
25019,-0.3109572291564475
25021,-0.3541826300900238
25023,-0.2099646246821986
25025,-0.11361215052437804
25027,-0.23348661345198826
17001,0.08846734372844096
17003,0.0583831929733137
17005,0.10186356312615223
17007,0.33343796544420845
17009,0.2133750290484603
17011,0.060823073696429066
17013,-0.002975651669840269
17015,0.15693324119152008
17017,0.803173075648573
17019,-0.04673854470819053
17021,-0.05577366076170527
17023,-0.06330700455670256
17025,0.17889300703309033
17027,0.3263931562567059
17029,0.25628614631969227
17031,-0.06347799123192908
17033,0.061808839082251335
17035,-0.025668921158067813
17037,-0.09397387882593262
17039,-0.1793540130535495
17041,0.11777788958063902
17043,-0.062083348935012495
17045,0.45425519219103605
17047,0.0915123695315848
17049,0.3362142889428804
17051,0.2721819047624904
17053,-0.028100948489807865
17055,-0.06681271580532237
17057,-0.10181980111777994
17059,-0.06393047065889397
17061,0.18385809227307323
17063,-0.0707644973504005
17065,0.0585298859622006
17067,0.016323973269746644
17069,-0.01754922022468504
17071,-0.0027834408593995436
17073,-0.05369840454333737
17075,0.05105735895666235
17077,-0.09864639168287388
17079,0.26258323498921576
17081,0.0486508100135713
17083,0.06527574539294116
17085,-0.10454054643842958
17087,0.17583636180261167
17089,0.04798468190983207
17091,0.24117945815980546
17093,-0.09610272835913096
17095,0.004774082531999606
17097,-0.007183352922384243
17099,-0.07914500266096654
17101,0.1501088881874115
17103,0.049924499267452266
17105,-0.015103699550341326
17107,0.028213842622879275
17109,0.09210260973303654
17111,-0.173411662089244
17113,-0.11794945688285915
17115,0.047569404174875665
17117,-0.06126355625594809
17119,-0.050623073156632704
17121,0.12174944900231122
17123,-0.2738577193083148
17125,0.005652442194587984
17127,-0.17745581461369472
17129,-0.200286592174822
17131,-0.0846896133179316
17133,0.048485562558718644
17135,-0.1411113909378611
17137,0.09615471935360019
17139,0.09382870989959595
17141,0.0354006592018751
17143,-0.07925255263945509
17145,0.0886039154376973
17147,-0.1047794044285133
17149,0.08554197780765448
17151,-0.12886282584332917
17153,0.5594476450597118
17155,0.20949963039956576
17157,0.31236050310777386
17159,-0.03806131973062254
17161,0.050446029376945596
17163,0.039756557970587636
17165,-0.09310335093936298
17167,-0.13763676868069286
17169,-0.13054523860618428
17171,0.92084574038895
17173,0.154880521613119
17175,-0.031268923541037066
17177,-0.053116952833500285
17179,-0.08504152909864689
17181,0.4880238078542414
17183,-0.056766545620473785
17185,0.0208517013782738
17187,0.32628646874877915
17189,-0.13937830007739707
17191,0.19614794322927281
9001,-0.10981522270570444
17193,0.07399200640369741
9003,-0.22168289316803183
17195,0.028317909741778998
9005,-0.3575171038751133
17197,0.019568153042696945
9007,-0.3608862257697914
17199,-0.07702515037254391
9009,-0.17437963337929793
17201,0.1068313301306218
17203,-0.18044636549712278
9011,-0.374918863763025
9013,-0.3978047799846935
9015,-0.3873708198902279
50001,-0.5802536308066232
50003,-0.6348342571068663
50005,-0.5969475298958354
50007,-0.5627626215085241
50009,-0.5284123087027177
50011,-0.5739192778955438
50013,-0.5233566185943581
50015,-0.5524293187154716
50017,-0.6108480179051404
50019,-0.5882094833580618
50021,-0.6030212909556749
50023,-0.5696628589164496
50025,-0.5686316523807408
50027,-0.6409472177592361
1001,0.05934699998038931
1003,-0.18309888314057296
1005,0.20023844649430872
1007,0.1271179806578253
1009,0.010333258120382743
1011,0.6020982211707094
1013,0.3973379450477563
1015,0.010435377035621014
1017,0.16023113774823608
1019,-0.13265939031198412
1021,0.06259850594067114
1023,-0.0567973078919421
1025,0.36481345709807717
1027,0.2665259705588437
1029,0.0058186028452364424
1031,0.06494934873133477
1033,0.12054990578398012
1035,0.3376315856303504
1037,-0.18684094012083896
1039,0.22200045885037026
42001,-0.43057769733472906
1041,0.12138977415605395
42003,-0.3924524977432453
1043,-0.010837534128373688
42005,-0.3554459867624093
1045,0.07198069780080348
42007,-0.36732929862574015
1047,0.36531389518177043
1049,0.2797108805166486
42009,-0.2903985286408353
1051,-0.006698875824218911
42011,-0.2267934738674742
42013,-0.28770910373188174
1053,0.1972599445496792
42015,-0.34800668630438636
1055,0.18527961255426798
42017,-0.31358051015773675
1057,0.13033303918444422
42019,-0.38266189287359215
1059,0.5943078802212421
42021,-0.2565673750196296
1061,0.09157583128653848
1063,0.25339021279687907
42023,-0.5643628689589364
42025,-0.37358504482482524
1065,0.4246039391915469
42027,-0.23936169442510666
1067,0.153174616141341
42029,-0.3643271393966518
1069,-0.010359632678272586
1071,0.16232438623539605
42031,-0.35576088518406906
1073,-0.03922835118571788
42033,-0.4323985051820044
1075,-0.026731791549118634
42035,-0.3876657108630077
1077,-0.11798337637469232
42037,-0.33753134376676697
1079,-0.1514040355854423
42039,-0.40164236039872514
42041,-0.42945136009552987
1081,-0.05019438618374637
1083,-0.16093504853694382
42043,-0.25668890803356986
42045,-0.211054840367728
1085,0.8647931577794066
1087,-0.004813631922339696
42047,-0.40997195868307446
1089,-0.21105657162935126
42049,-0.4258818820534136
42051,-0.4328275786558934
1091,0.3265103470767843
1093,0.012120062725832232
42053,-0.4645004657885179
42055,-0.28438024956256835
1095,0.3119740862776185
1097,0.0023756412243740527
42057,-0.35931351809113904
42059,-0.4169010972773905
1099,-0.01633076746536382
1101,0.08997344594401144
42061,-0.17106334128313458
1103,0.09563948132100646
42063,-0.3101532426255271
42065,-0.4144419867614468
1105,0.8446562412966859
42067,-0.303867878768195
1107,0.21483354758660642
42069,-0.32479732402981437
1109,0.09564770015907945
42071,-0.2540709931994632
1111,0.04343038581389916
1113,-0.0411281267514166
42073,-0.3571385784178378
1115,-0.08869193307796246
42075,-0.18648247942918028
1117,-0.05956497813432864
42077,-0.22253161492456075
42079,-0.24618344797807964
1119,0.1956523902889925
1121,-0.095645536045985
42081,-0.42435470091038247
1123,0.020312491844189817
42083,-0.5155593791250603
1125,0.11399553723476323
42085,-0.34592207154886034
1127,0.15976728447342303
42087,-0.18930730635683124
42089,-0.4009868749194104
1129,0.0828136240195858
42091,-0.3266687260918136
1131,0.4532449955516078
42093,-0.17675812418272824
1133,0.1675441219217235
42095,-0.27070816008504756
42097,-0.27053971512145003
42099,-0.44966451415407505
42101,-0.10841113162911169
42103,-0.4572711716631939
42105,-0.4858546841625341
42107,-0.2896171218894038
42109,-0.33179914796647114
42111,-0.3974906550901118
42113,-0.4897325745171759
42115,-0.4256926296773986
42117,-0.3794372357168239
42119,-0.1917958046749613
42121,-0.42686506420601805
42123,-0.5736369065802787
42125,-0.43851440775040823
42127,-0.5733333590741337
42129,-0.37431306089284977
42131,-0.41558576950149656
42133,-0.3696022077318153
34001,-0.24439562679864252
34003,-0.1589784475613757
34005,-0.2641841359699524
34007,-0.168205102058552
34009,-0.3915332903015687
34011,-0.08719812007101164
34013,-0.01512201049138794
34015,-0.25449748116001614
34017,0.045995370872414884
34019,-0.3679408124256302
34021,-0.0899116375115609
34023,-0.1175254144445271
34025,-0.20132195216889698
34027,-0.2682374271490702
34029,-0.14308869347721048
34031,0.24365539167961736
34033,-0.2264270954589459
34035,-0.23077242642974688
34037,-0.36476050474866645
34039,0.08317753302431051
34041,-0.30068758003779494
26001,-0.34713651083127306
26003,0.08148620512494585
26005,-0.2947530082410984
26007,-0.24842531887565342
26009,-0.41740703595703704
26011,-0.3142067205669094
26013,0.10168214982105866
26015,-0.2912427978856713
26017,-0.2034949495374415
26019,-0.26620409052371524
26021,-0.13465940059239448
26023,0.395759981540827
26025,-0.16881662216889598
26027,-0.1567537880596196
26029,-0.40013096684349114
26031,-0.410407872131634
26033,-0.08990848969505866
26035,-0.39770563620856547
26037,-0.2773698440395411
26039,-0.3196593325967183
26041,0.11059647000456231
26043,0.09391205788436528
26045,-0.3511620766192239
26047,-0.3456125934357836
26049,-0.21398048736729197
26051,-0.32978455614701063
26053,-0.04170366384635398
26055,-0.4297458175010569
26057,-0.13376795588016221
26059,-0.2337454045253642
26061,-0.1418051862147947
26063,-0.33300246795399757
26065,-0.3302042613793712
26067,-0.13775935202523032
26069,-0.2998557751050322
26071,0.860805499531756
26073,-0.2664992918264058
26075,-0.11080658174794827
26077,-0.2467044354829926
26079,-0.41057935909731763
26081,-0.10047077946150768
26083,0.1979175086427389
26085,-0.3944906415344348
26087,-0.24560200183060235
26089,-0.4997137592250374
26091,-0.18937476627694522
26093,-0.3318992404622751
26095,0.5153845470008006
26097,-0.31630976833574953
26099,-0.13821434358220763
26101,-0.4724248132084317
26103,-0.10186802678807574
26105,-0.3541158313777224
26107,-0.3448986890893775
26109,0.13478630161480837
26111,-0.29509000876291075
26113,-0.43529116183234157
26115,-0.2655508503283624
26117,-0.35223852773977954
26119,-0.35996516985465565
26121,-0.08470574249927472
26123,-0.27890202559288907
26125,-0.22179156869879865
26127,-0.01918946939439622
26129,-0.3834644954072188
26131,0.8549171915420672
26133,-0.37829914285496774
26135,-0.3793716163167021
26137,-0.29222605969127463
26139,-0.15090918074772094
26141,-0.35734816809111464
26143,-0.3725117261353533
26145,-0.10709694352337525
26147,-0.36173790627348235
26149,-0.10320819187456585
26151,-0.4290808031978936
26153,-0.34818297033100815
26155,-0.30423808396422586
26157,-0.2674841729181641
26159,-0.22380775941092423
26161,-0.3363424158818471
26163,-0.18258832925817153
26165,-0.45169496925825336
18001,-0.21718080741246873
18003,-0.06088284195902125
18005,-0.13233885835278125
18007,0.04224369281778587
18009,-0.024740919170470294
18011,-0.2308000510634386
18013,-0.358896138338725
18015,-0.1838675765537182
18017,0.6596755287871131
18019,-0.12272857821864724
18021,-0.06934119192168436
18023,0.08747443987474847
18025,-0.23504705985067387
18027,0.06750544044341787
18029,-0.09044144959603448
18031,0.06690153373685243
18033,-0.16216075648794714
18035,-0.11793882797331837
18037,0.11467826570241253
18039,0.4192456008428551
18041,0.15182597477046356
18043,-0.13973282915709512
18045,-0.08303037181704953
18047,-0.23211539368232273
18049,-0.13235842746710086
18051,0.005080748831515412
18053,-0.04309628700285348
18055,-0.16137810076484674
18057,-0.15451505397995316
18059,-0.18624751035713438
18061,-0.18423307439326392
18063,-0.16377442898675001
18065,0.028592500638830936
18067,-0.13804806534686953
18069,-0.22054989068044567
18071,0.03902057065048589
18073,-0.1163362725901009
18075,-0.041209328110252845
18077,-0.18101301109886686
18079,-0.23880054848715443
18081,-0.1490148485926314
18083,-0.005714577816134072
18085,0.07656696703603305
18087,-0.10397309182782737
18089,0.03711838288898651
18091,-0.16931284346547262
18093,-0.1472853039129716
18095,-0.18656754699776223
18097,-0.08024103779697317
18099,0.20397199830306517
18101,-0.12827769328624136
18103,-0.08937657549984197
18105,-0.20453945542028035
18107,-0.15610105421958576
18109,-0.22446424783053404
18111,-0.12223008678757849
18113,0.026960496706298284
18115,-0.17586675926144443
18117,-0.1747592149540586
18119,-0.30281526234448203
18121,-0.1673271211515166
18123,0.027688982135142697
18125,0.015758442430540833
18127,-0.07898026112879435
18129,-0.06765441347416606
18131,-0.11698496330397395
18133,-0.17914569070490244
18135,-0.030491911606104403
18137,-0.0014030799610651457
18139,-0.17103077203388264
18141,0.045956508185477495
18143,-0.02746990483075028
18145,0.12831100108921506
18147,-0.08863536106603556
18149,-0.1733646391093164
18151,-0.09828868088876101
18153,-0.07355275568757393
18155,-0.3353964414115691
18157,-0.14260278349709588
18159,-0.1657154251974881
18161,-0.039241617011611364
18163,-0.010761909446081427
18165,-0.14842601789714333
18167,-0.0213695906808506
18169,-0.01221126317075302
18171,-0.3019556704794248
18173,-0.010029051545027172
18175,-0.3109587527008107
18177,-0.028784894865568462
18179,-0.1548673224177779
18181,0.10382637900542085
18183,-0.1565568272068074
10001,-0.26589229778165385
10003,-0.22120354979859255
10005,0.004390025243767614
51001,0.11719177765269949
51003,-0.414605586724227
51005,-0.3716115949286059
51007,-0.3981832813107147
51009,-0.34162718478726684
51011,-0.24166209163591743
51013,-0.3104228856879107
51015,-0.41432529895932657
51017,-0.008480406546828892
51019,-0.38117074222395925
51021,0.31058928379254397
51023,-0.3807265003710875
51025,-0.15095878531494464
51027,-0.33657539528672215
51029,0.3295879963291172
51031,-0.36478367491510155
51033,-0.3191263477222842
51035,-0.173004127402438
51036,-0.38428623733062517
51037,-0.2918262422662959
51041,-0.3181551393798681
51043,-0.42657552212624744
51045,-0.37413988723510566
51047,-0.05864442137203929
51049,-0.3486124681678708
51051,-0.029467527151998168
51053,-0.24284135512143948
51057,-0.18483092604570192
51059,-0.30829626776581454
51061,-0.3365685100628033
51063,-0.3057858071222411
51065,-0.40327028462816844
51067,-0.35580118582447967
51069,-0.3121735957879651
51071,-0.3970296285032403
51073,-0.49350933806338765
51075,-0.40939612505989
51077,0.042875350610803414
51079,-0.38134567162583116
51081,0.8002550811548166
51083,-0.3668946472551277
51085,-0.4173812875974601
51087,-0.308122985973943
51089,-0.11666778526047367
51091,-0.4383539850450623
51093,-0.2781112416276077
51095,-0.4664292836696012
51097,-0.3969379919584878
51099,-0.41920804303910164
51101,-0.4147677039252884
51103,-0.3549663503715442
51105,-0.22701127702515764
51107,-0.3419766485832791
51109,-0.4591353911390924
51111,-0.37849778925924454
51113,-0.4414433745994945
51115,-0.425685233419146
51117,-0.1827835185911066
51119,-0.37159452763324774
51121,-0.16844428590321336
51125,-0.47636621182131716
51127,-0.4006865653995319
51131,-0.0848372331464935
51133,-0.3245084933077186
51135,-0.19145552822662465
51137,-0.4204927265988243
51139,-0.21517939081957452
51141,-0.14012844064613725
51143,-0.26816713848519547
51145,-0.429093766306481
51147,-0.17200547987047085
51149,-0.1263131902443413
51153,-0.11431092999381269
51155,-0.37611066146683775
51157,-0.4080034740567192
51159,0.33910582150903223
51161,-0.2933199900625578
51163,-0.5045869380651833
51165,-0.25453415355865505
51167,-0.2223349774298557
51169,-0.15805203963358028
51171,-0.14613790282962208
51173,-0.19418362886848747
51175,0.0904649192483676
51177,-0.36003745836243883
51179,-0.3784974424086525
51181,-0.2432359649220578
51183,0.38049790156151325
51185,-0.344545476440721
51187,-0.3244771477412262
51191,-0.2743734114028109
51193,-0.23500507114184666
51195,-0.22701937177687034
51197,-0.3463909349928887
51199,-0.515742799856319
35001,-0.25415120909741307
35003,-0.5141371307832405
35005,0.1889076835539018
35006,0.26009398729586614
35007,-0.37237557200599214
35009,0.05914248820575945
35011,1.5012989003348476
35013,0.015325537506961964
35015,-0.0978981003121192
35017,-0.4118546418630842
35019,0.1929014363554534
35021,-0.3938736085066959
35023,0.3770208710418108
35025,0.04779600289150795
35027,-0.15003357777830392
35028,-0.5281667297268361
35029,0.42117674338313316
35031,0.8685980200567266
35033,-0.18550229631262796
35035,-0.05428216199290559
35037,-0.218581684328735
35039,-0.2547575211688504
35041,-0.03216354444891814
35043,-0.2640319379628398
35045,0.09176021228998191
35047,-0.5034350961753689
35049,-0.32213547573606094
35051,-0.10551395230028582
35053,-0.30126485418952503
35055,-0.4100290445506344
35057,-0.309240770682564
35059,0.2940278221141694
35061,-0.1781845113784778
51510,-0.18440039680406417
51520,-0.28281033914419124
51530,-0.10753575094508515
51540,-0.17113773953964703
51550,-0.2678292841488783
51570,-0.14959083117066035
27001,-0.00560381384582582
27003,-0.008239747693870236
51580,-0.04713545250974902
27005,0.10482526080656596
27007,-0.14638803392722177
27009,0.1370271872445206
27011,0.05187236153852631
27013,0.03709255354369269
51590,-0.145821164229869
27015,-0.04446283122680902
27017,-0.07289334425016154
27019,-0.15534745959203475
51595,0.463932619329882
27021,-0.17094014789264592
27023,0.5438142203488444
51600,-0.45160559150346263
27025,-0.10519509024572561
27027,0.2197581933599494
27029,-0.04942784912038702
27031,-0.19650454865201955
27033,0.31948531614597975
51610,-0.4408088874427573
27035,-0.04493437826456289
27037,-0.093391664592074
27039,-0.17858570302533472
27041,0.08103516931640443
27043,-0.15296395689863296
51620,0.40243574610355565
27045,-0.30219759498151605
27047,0.04191689151307078
27049,-0.18076995321857506
27051,0.22981523145502064
27053,-0.04355069100751643
51630,-0.25698526601062793
27055,-0.16476726753964424
27057,0.4512023536065359
27059,-0.14168296374728226
27061,-0.15468601207472327
27063,-0.07225322710778634
51640,0.8820776200087503
27065,0.046906362585503944
27067,0.4552274963810166
27069,0.07296612493210973
27071,-0.24659562536441965
27073,-0.03263011003986686
51650,-0.3503677817489907
27075,0.062479514512038786
27077,0.5876539072874994
27079,-0.055291425091929636
27081,0.10230044803226941
27083,0.44142527475234095
51660,0.1773946910521854
27085,0.06119125648348732
27087,-0.05618601661181122
27089,0.1250126649689139
27091,0.04788870331619714
27093,0.00753244427579405
51670,-0.2060261623139603
27095,0.12588943078902703
27097,0.3274024867036904
27099,0.2758255456554791
27101,0.31300835088437456
51678,-0.037334990695114444
27103,-0.14299452920429562
51680,-0.2289773116894949
27105,2.2164276217168783
51683,0.37862078466362636
27107,0.1356564371987758
27109,-0.19065711033282323
51685,0.13130610339482937
27111,-0.06926998724303861
27113,0.044363332563705296
51690,0.43685404037756315
27115,-0.03288336699047032
27117,0.4136609353641119
27119,0.27126388103113996
27121,0.2166294745744087
27123,-0.08267425825748995
51700,-0.35907607127568414
27125,0.08627323221287772
27127,0.11899737296387648
27129,7.841661651897141E-4
27131,0.06919821018606559
27133,0.49648023555886456
51710,-0.28837926392497865
27135,0.23329838768032066
27137,-0.19471116154747448
27139,-0.03596558898216094
27141,-0.012877665689686468
27143,-0.07702097261563208
51720,-0.2507890027500426
27145,0.3042821104627837
27147,-0.03751609807571974
27149,0.5079337388647577
27151,0.1247148590388214
27153,0.450447084852905
51730,-0.09479672816836268
27155,-0.11622924192111943
27157,-0.14851857304817023
51735,-0.48222502446900684
27159,0.25511678202043864
27161,0.15394092858158737
27163,-0.08006671071327283
51740,-0.18264420204697468
27165,0.5746227651018293
27167,0.025835100908017536
27169,-0.03720054576682006
27171,-0.058104679422474347
27173,0.14578468656103696
51750,0.12371552178451689
51760,-0.23860649147578974
19001,-0.07168722845494947
51770,-0.13281739355549294
19003,0.41985398586339345
19005,0.07353736035666446
19007,-0.017186288748701286
51775,-0.19278174819468472
19009,-0.013576752945371187
19011,0.031040304423187552
19013,0.3276081987780647
19015,0.006296293454473346
19017,0.25874820804088927
19019,-0.06776227706682608
19021,2.1909134712225757
51790,-0.15899088511552115
19023,0.1308302382008881
19025,1.093991981775144
19027,0.33186199440445047
19029,0.21349631092140317
19031,-0.006958892115078905
51800,-0.25377719131508003
19033,0.25760217379744177
19035,0.5483264530484513
19037,0.23539418678439533
19039,0.1826216547036351
19041,0.2439059535146786
51810,-0.40128158263335983
19043,0.03188101747702536
19045,0.16769103590311804
19047,1.007682338782571
19049,0.16580738368505726
19051,0.2581272382032903
51820,-0.25488564014929604
19053,0.3087242961034939
19055,0.43474254285033864
19057,0.17564429354904745
19059,0.40384536326852327
19061,0.38570466493574374
51830,-0.39470138316366565
19063,1.0736529796256113
19065,-0.10778469461774545
19067,0.5524842627579009
19069,0.3890932518561583
19071,0.3942107012497596
51840,-0.08380844911806457
19073,0.08241499046380872
19075,0.18968193281859996
19077,0.21393500061478252
19079,0.3703492620776402
19081,0.23035078356322056
19083,0.1250008626321688
19085,0.12379496393588353
19087,0.40011259374249086
19089,0.1310156297053113
19091,0.5631918745989068
19093,0.712719156872675
19095,0.010275423972591817
19097,0.20062031466409114
19099,0.05372049124058569
19101,-0.17408283211906594
19103,0.029313147426054436
19105,0.47377549729274115
19107,-0.006915022209630978
19109,0.15118824358560287
19111,0.1455658058900767
19113,0.02376524870717905
19115,0.9733745217013207
19117,0.29195262869773814
19119,0.43736516068136555
19121,-0.11803563167970059
19123,0.028773791567193445
19125,0.16074229204155277
19127,0.5655241792612782
19129,0.17266930655290083
19131,0.2010019483584647
19133,0.004192225153210739
19135,0.4872764672657737
19137,-0.12225618764424016
19139,0.16531427490130476
19141,0.5207524360625744
19143,0.5877617230697972
19145,0.11294486814535779
19147,0.7227409303035047
19149,0.8298607105914813
19151,0.805547196788463
19153,0.1820966850086797
19155,0.11856292049993052
19157,-0.07177649686439391
19159,0.32243416052006124
19161,0.8697409478262287
19163,0.060846584735104445
19165,0.20271604651033767
19167,0.6306044250307703
19169,0.17689676707404703
19171,0.5527901258893099
19173,0.2970472127288216
19175,0.17150447696328552
19177,0.017693871473792706
19179,0.3519446523932436
19181,-0.023314130785307613
19183,0.10200772601770271
19185,0.17130443796098616
19187,0.5577446776555214
19189,0.47517451324796095
19191,-0.14511485338781568
11001,-0.24910573072131384
19193,0.7290163330689704
19195,0.013007964669141012
19197,0.7723423804266988
44001,-0.33318049217407075
44003,-0.2451646641110986
44005,-0.4406271490294854
44007,0.1688090665696155
44009,-0.4133712431052154
36001,-0.4106442479769319
36003,-0.4320873122301671
36007,-0.35770942176937104
36009,-0.4589580239604062
36011,-0.5119000894908293
36013,-0.500850244785433
36015,-0.2559004915129166
36017,-0.49042152598927563
36019,-0.596233500531822
36021,-0.38511721086501816
36023,-0.4165383268478496
36025,-0.5878588102470983
36027,-0.28669739058398597
36029,-0.2896941983599394
36031,-0.5677462583863839
36033,-0.584357729832786
36035,-0.5111434542093215
36037,-0.4313049401848401
36039,-0.47599371617686903
36041,-0.5390267890963379
36043,-0.5377466133549796
36045,-0.606699480689268
36049,-0.4687264316272111
36051,-0.531051377680158
36053,-0.43170605074887647
36055,-0.4201013428941942
36057,-0.540250176718882
36059,0.006168845736233756
36063,-0.39418465121954094
36065,-0.34474882063669526
36067,-0.3464891917016412
36069,-0.518082987690649
36071,0.055034094615865836
36073,-0.4113414854583178
36075,-0.47980468213628075
36077,-0.5149792889912966
36079,-0.19658815742941363
36083,-0.5131828272803387
36087,0.30639429884554
36089,-0.5443722918011334
36091,-0.5792132598371885
36093,-0.450572638004191
36095,-0.5778776044549053
36097,-0.450805521859945
36099,-0.5036681500682786
36101,-0.4313753214158188
36103,-0.002895352020677685
36105,-0.14456395253179025
36107,-0.4300560042043992
36109,-0.5490633614303997
36111,-0.4013695466213152
36113,-0.5255058884264195
36115,-0.550477332508077
36117,-0.5149090284206829
36119,0.1604290547849914
36121,-0.5107959046626466
36123,-0.49114407365597795
28001,-0.023621431573880136
28003,-0.09037619001495284
28005,0.040819713418938926
28007,0.28412239719714755
28009,0.12668499007508444
28011,0.40486938397522254
28013,0.1521849385849262
28015,0.3703424187589172
28017,0.25951082163644995
28019,-0.05691821110209421
28021,0.5008724741856077
28023,0.24509512914341908
28025,0.033462369993981486
28027,0.27825173605891335
28029,0.18941673652035457
28031,0.42712554642512807
28033,0.04196241339459774
28035,-0.005680854386001778
28037,-0.05595631323506847
28039,-0.0042962389723641276
28041,0.09333052044276105
28043,0.3991248777304914
28045,-0.3624967112834742
28047,-0.23864107136575172
28049,-0.06590332361754259
28051,0.5907183155761028
28053,0.3119327004039016
28055,2.6938742419051986
28057,0.17637771685554524
28059,-0.12098320385193964
28061,0.20629182141164518
28063,0.15500811863590963
28065,0.24180261455924132
28067,0.12093959936468131
28069,0.11133448778398275
28071,0.12674331964884766
28073,-0.022644122766455325
28075,0.06015304801435649
28077,0.1270041930084143
28079,0.2855433170272074
28081,0.112689454350314
28083,0.30614508558114656
28085,0.12433194597512721
28087,-0.07252291446287411
28089,-0.00873681872977417
28091,0.06574963247780008
28093,0.11549201020807308
28095,0.10533632297644624
28097,0.4579051876659181
28099,0.6168160735008775
28101,0.1359789870414747
28103,0.43626436696532633
28105,0.07203244277149731
28107,0.2525362527917495
28109,-0.3272632199741948
28111,0.04010972226439931
28113,-0.052375920881037374
28115,0.20304219854487474
28117,0.11705595149760535
28119,0.46236071170659115
28121,-0.1684911994049756
28123,0.2369587161098221
28125,0.4690572946811803
28127,0.13390881512134223
28129,0.027192667042233012
28131,-0.008049775219461527
28133,0.46429557777900077
28135,0.3279828070155937
28137,0.1896179464221505
28139,0.09402346975315079
28141,0.14662477806649274
28143,0.2912549258740524
28145,0.11658298245171976
28147,0.15319898503747503
28149,0.007427775929736345
28151,0.3997062781236901
28153,0.4401389995167364
28155,0.10009850169692569
28157,0.03529344383969421
28159,0.27904365929973346
28161,0.24722682210393915
28163,0.10854270453954074
20001,0.2577882242763391
20003,0.29408875564923226
20005,0.026985585500525797
20007,-0.13181218767174124
20009,0.10545288636733711
20011,-0.19087737938847835
20013,0.6730712452382872
20015,-0.15701431528877208
20017,0.421789087039886
20019,-0.33866327270720137
20021,-0.008225907474725826
20023,0.6481363232430405
20025,0.6558582855041336
20027,-0.119133876130335
20029,0.112666050498047
20031,-0.06891423861680099
20033,0.38437412873338983
20035,-0.11033169438428168
20037,0.10251086380944846
20039,1.9018064270912287
20041,-0.0933383111545684
20043,0.05514744042635627
20045,-0.2219065757238874
20047,0.33710882014048077
20049,0.12874370352353198
20051,0.561288060764356
20053,1.2351424487124671
20055,1.1413098864801
20057,1.3464816162072022
20059,-0.20533605914917552
20061,-0.18149060492657687
20063,0.5809737555916067
20065,1.7381675582050713
20067,1.1274084699404072
20069,0.5160521965318332
20071,1.7368327812793
20073,-0.16455149522104903
20075,0.24913662309708975
20077,0.3865510447043477
20079,-0.09114056276997713
20081,0.5087910632588245
20083,0.9356375438020491
20085,-0.01827584348414889
20087,-0.23471752803082715
20089,-0.21543934801455852
20091,-0.18891196261604795
20093,0.7547780628863965
20095,1.1486391272140102
20097,0.10339448604371013
20099,-0.10596209267166753
20101,0.6654109951005746
20103,-0.017653480425306702
20105,0.5293181382541027
20107,-0.3042162617790385
20109,1.6108965015656416
20111,0.32441986591223076
20113,-0.08821003434425503
20115,-0.18423656541243885
20117,1.129148421020041
20119,0.7232579356425555
20121,-0.278768500261527
20123,-0.24215657607244065
20125,-0.1925317754194828
20127,-0.30759244856167617
20129,0.10815289967870007
20131,0.8575280612834407
20133,-0.18714299101400445
20135,1.3815531040068603
20137,2.4270711407359697
20139,-0.2963709684355321
20141,-0.3238003233071511
20143,-0.1503053100615821
20145,2.0040134552539905
20147,0.507487649608692
20149,-0.3155993526881063
20151,-0.061992175011144304
20153,4.493709718719888
20155,0.1809582830381454
20157,0.2968327473915466
20159,0.11112696885909282
20161,-0.0948145231371052
20163,0.2509490927842787
20165,2.0122633823556844
20167,1.9277809710577984
20169,-0.08927499965609917
20171,0.4860470052414306
20173,-0.08042583035749247
20175,1.7068723780817103
20177,-0.1291081061146252
20179,1.08039325254232
20181,0.380673141448623
20183,-0.09811478804293453
20185,-0.08039160754748724
20187,0.4849756572237889
20189,0.2947341812419182
20191,-0.26101595727808147
12001,-0.13139484905119622
20193,1.9827651501706398
12003,0.23397584947310088
20195,1.0002551687554118
12005,-0.007838870909779938
20197,-0.09612949591271068
12007,0.013146086100873483
20199,4.945982670095311
12009,-0.34618511410362734
20201,0.7140842357748745
12011,-0.0010522723148965014
20203,1.9131197630012293
12013,0.2662802949352477
20205,-0.11304923092652394
12015,-0.37452354959264095
20207,-0.3752045249207048
20209,0.21987763830578844
12017,-0.29558363749541616
12019,-0.24317810311871185
12021,-0.06995623420368562
12023,0.2685082471156398
12027,0.2745267829931489
12029,0.2571486951094484
12031,-0.09393775921339054
12033,0.035253281710541574
12035,-0.34682832070952613
12037,0.32695554407389205
12039,0.4164660466849208
53001,0.24357879409463787
12041,0.04901772933972315
12043,0.17428802266944118
53003,-0.28767374673206403
53005,-0.11104698949281885
12045,0.48983910785083384
53007,-0.14175939755783895
12047,0.6226074664055652
53009,-0.5911634351282281
12049,0.43882063202797233
53011,-0.5056517387722381
12051,0.3962960952035057
53013,-0.5530753272751887
12053,-0.3341151369128857
53015,-0.5011500748306892
12055,-0.20491861667787667
12057,-0.23039821071280753
53017,-0.028181831907882336
53019,-0.5320610801592631
12059,0.2429944931590286
53021,0.33556628950598905
12061,-0.24832964522267512
12063,0.4198470436779471
53023,0.3449103379696564
53025,-0.03161672815732025
12065,0.24611677337580415
53027,-0.5487271167100412
12067,1.4767287648538736
53029,-0.5863901441563256
12069,-0.3041507026342217
12071,-0.21220761276122418
53031,-0.6569476429138916
53033,-0.47526278290342283
12073,-0.013284973213303604
53035,-0.6064692829265241
12075,-0.14716198227775365
53037,-0.4232070336397302
12077,0.6528302075674288
53039,-0.519432512244887
12079,0.5023176910959272
12081,-0.18761884782912042
53041,-0.5112557935385545
53043,-0.5271537963164864
12083,-0.18625368211888038
53045,-0.5258823945910568
12085,-0.06063923621220314
12086,0.43980661064499615
12087,-0.07983735993659478
53047,-0.180789342358989
12089,-0.2595848019591439
53049,-0.46218456360252697
12091,-0.19120492327649674
53051,-0.4164903863986518
53053,-0.4671384076005134
12093,0.14229903886086262
12095,-0.1341707412730699
53055,-0.6139025766089168
53057,-0.48271178528481545
12097,-0.049343893387553094
12099,-0.09907894768483666
53059,-0.521213794377682
53061,-0.6168632155126921
12101,-0.36329217909055
53063,-0.3352000835052984
12103,-0.2553339155189295
12105,-0.15098122264151556
53065,-0.4999522577929012
53067,-0.5680981359909435
12107,-0.1276994700861996
12109,-0.2850749592316044
53069,-0.529503800906597
53071,-0.2912543457515918
12111,-0.19205788697816753
12113,-0.20481710786528537
53073,-0.5567722421662115
12115,-0.2969943008316003
53075,-0.12143236409752128
12117,-0.32914920380565815
53077,0.2829081757379126
12119,-0.3189147224619009
12121,0.516300014690779
12123,0.5842082117257763
12125,0.5153694769647544
12127,-0.34342360956317536
12129,0.0426905331851762
12131,-0.06295556505172836
12133,0.17472607522592276
4001,0.5241330287834693
4003,-0.25212150009167567
4005,0.043449250219165556
4007,0.0941570859575049
4009,-0.0498006201137112
4011,-0.30675660482551614
4012,0.009653974962761418
4013,-0.2586753636999465
4015,-0.2079123433809176
4017,0.5013890925738537
4019,-0.17434186531951307
4021,-0.23153950325889097
4023,0.7115326148324822
4025,-0.3599693571474547
4027,0.6408106402040075
45001,-0.16533481675707654
45003,-0.19242810179284522
45005,0.1858357987864176
45007,-0.19694249404863406
45009,0.2611606738741207
45011,0.03952603882426702
45013,-0.17042944057190668
45015,-0.21500812292651136
45017,-0.11437464166883426
45019,-0.0881006368478862
45021,-0.12210285005697126
45023,0.02537533314974775
45025,-0.08172557371018235
45027,-0.03561819628081813
45029,-0.08757136642514432
45031,-0.05237284306962724
45033,0.031241541986016964
45035,-0.17258284320602585
45037,-0.12070564163544324
45039,-0.0021742601444543035
45041,0.017643862587567467
45043,-0.016300248236206093
45045,-0.06212406534680747
45047,-0.039303297569090734
45049,0.07046164282289677
45051,-0.09330251396444726
45053,-0.16087393499947428
45055,-0.13943666161458562
45057,-0.2525228786552253
45059,-0.08306781785582668
45061,0.13816901284993172
45063,-0.19142590167163762
45065,-0.1015882603360026
45067,-0.029799903628150867
45069,0.1002659228267679
45071,0.05393556944392394
45073,-0.11718116225590375
45075,-0.0033503800981563372
45077,-0.032786856574226704
45079,0.006152647262743287
45081,-0.07350041165915455
45083,-0.23028512940842624
45085,-0.0676448076045316
45087,-0.13203907564753026
45089,0.1910189636355043
45091,-0.23418144702819624
37001,-0.08447980140725604
37003,-0.09792333212962831
37005,-0.1862660544784989
37007,-0.06214859608938028
37009,-0.26035960841483186
37011,0.5559888808922459
37013,-0.18128428079949238
37015,0.007950481226247514
37017,0.032982165584533964
37019,-0.4130183094962673
37021,-0.38653388325574306
37023,-0.01908443322235108
37025,-0.2866850440091093
37027,-0.08354381603936338
37029,-0.24924610132572853
37031,-0.3752077454794188
37033,-0.1459926990267783
37035,-0.11386510665802946
37037,-0.26322367470863256
37039,-0.2357984856957264
37041,0.011394300495142645
37043,-0.2949445477043929
37045,-0.08402815601467137
37047,0.02526432990440972
37049,-0.31606278865101034
37051,-0.2918215999778086
37053,-0.48033610098154456
37055,-0.38835435413153047
37057,-0.24576392718651552
37059,-0.27881984999981674
37061,0.29626666361778065
37063,-0.16401545210612486
37065,0.026428883790555205
37067,-0.238250411403135
37069,-0.27203504312664667
37071,-0.1080075573849991
37073,-0.3579022491698125
37075,-0.014676580225844945
37077,-0.017840058605984963
37079,0.12110382178477083
37081,-0.27108731660641044
37083,-0.07940366388606661
37085,-0.31189817917940704
37087,-0.36551765733674707
37089,-0.2748145421701553
37091,-0.05316583717471321
37093,-0.1988465058563673
37095,0.1321402167584123
37097,-0.28295352636599086
37099,-0.09490428643323906
37101,-0.209918733094736
37103,-0.16442145590166482
37105,-0.06499505506967512
37107,-0.14559866128582513
37109,-0.19610533978608966
37111,-0.10523437165883613
37113,-0.20073059360048034
37115,-0.2215135939074395
37117,-0.0947365361580965
37119,-0.15602476572574436
37121,-0.20687866740317998
37123,0.1281399403184827
37125,-0.29336028761706806
37127,-0.06408440068837176
37129,-0.28485010584854503
37131,-0.00851697772085296
37133,-0.38933459623463645
37135,-0.30504105218573846
37137,-0.22151771444267013
37139,-0.2958081379124682
37141,-0.18026038797416472
37143,-0.30577189389446424
37145,-0.3219961960341667
37147,-0.1078325773322496
37149,-0.3064433154435342
37151,-0.12788869510032866
37153,0.010819748057200866
37155,0.10128480871212237
37157,-0.1990451671047032
37159,-0.11649472336362061
37161,-0.11186154237159666
37163,0.12566552443922197
37165,0.05441227196364125
37167,-0.026009316537135067
37169,-0.2872482463251305
37171,-0.11309694869881465
37173,-0.07395590683353391
37175,-0.43808361397985585
37177,0.14584624747054475
37179,-0.20256278245057138
37181,-0.0693946966320082
37183,-0.4056354244520684
37185,-0.09837517931671268
37187,-0.21795824782183465
37189,-0.29765256283276964
37191,-0.05111739847452672
29001,-0.1281612066421625
37193,-0.09436002343315134
37195,-0.049403745324570765
29003,-0.00141600120518035
29005,-0.21286834961163692
37197,-0.05092667966929574
29007,0.21753972913066677
37199,-0.005568930426417212
29009,-0.17390117805299987
29011,0.8207760015555903
29013,-0.30787767108399516
29015,-0.18941899112101956
29017,0.1010440908826762
29019,-0.036017008948457815
29021,0.2436767691965336
29023,-0.016607946041496752
29025,-0.14271883962487136
29027,0.02077178809430186
29029,-0.0478475032177241
29031,0.14251877741349295
29033,0.19442294329488188
29035,-0.10489057784618067
29037,-0.2623358552358628
29039,-0.2996943229523435
29041,-0.30229871377177986
29043,-0.1710924919355341
29045,-0.137814637163839
29047,-0.42765876443592826
29049,-0.16365764269444452
29051,0.14344558455850234
29053,0.06570168830366252
29055,-0.06639065421086587
29057,0.8408695725461242
29059,-0.16472539604465078
29061,-0.024629290828207882
29063,-0.0955995881109955
29065,0.036170195438625895
29067,0.23258534341137016
29069,0.013091113514693758
29071,-0.11838766875476613
29073,-0.24049482289761928
29075,0.23545845877062252
29077,-0.13427354164920127
29079,0.5062999029993004
29081,-0.07142200091472661
29083,-0.19829710346258514
29085,0.7391573005894292
29087,0.1886219770969393
29089,0.017948842826587968
29091,-0.13122065370572042
29093,-0.3219391375256791
29095,-0.3872281231874686
29097,-0.17046313361201845
29099,-0.04647668797903386
29101,-0.11981111490310291
29103,0.321551468626642
29105,0.37366855817693173
29107,-0.11778137646422207
29109,0.28096606538408947
29111,0.024004798814852898
29113,-0.1644146263924521
29115,-0.3019039655489364
29117,-0.03456410425826363
29119,0.5169499961936344
29121,-0.1567182548268239
29123,0.2895961815507861
29125,-0.16852283224427667
29127,0.30083373005167163
29129,0.03517953982252546
29131,0.1979590599904095
29133,0.4972946048956842
29135,0.1637750142057101
29137,0.411837609389363
29139,-0.3195483875520985
29141,-0.02498772827379709
29143,0.3560214500139745
29145,0.01694984080845612
29147,0.49157078744676325
29149,-0.1607354598642835
29151,0.11835238765228283
29153,0.3836738858336748
29155,0.2083125704255173
29157,0.29922069494443926
29159,0.25272689514730795
29161,-0.13814365585026026
29163,-0.06766283415299322
29165,-0.44943209476937124
29167,0.10956013498679476
29169,-0.30347326848669587
29171,0.22918017715678787
29173,-0.14639549797796358
29175,-0.13281086395213407
29177,-0.3181903870500962
29179,-0.16800142187860495
29181,-0.19296052239070735
29183,-0.07187617417890195
29185,-0.19401892207743987
29186,0.009823057264579434
29187,0.20094955260741754
29189,-0.08317250559098908
21001,0.1290388453754524
21003,-0.18953416310644697
29195,0.36013709319101045
21005,-0.4026106978251304
29197,-0.025742936308952667
29199,-0.15381652559470393
21007,-0.33749039900500566
29201,0.1119965777867657
21009,-0.07502356338698932
21011,-0.3554107435601697
29203,0.3433230868305946
29205,-0.26658627384337036
21013,0.4632741968947253
21015,-0.20555205221779477
29207,0.00540808076708579
21017,-0.36049032560568023
29209,-0.19449569135333003
21019,-0.19133129431838927
29211,1.178886377610784
29213,-0.0499112901814798
21021,-0.23431682353676045
21023,-0.39235589588751424
29215,0.27388033793487354
21025,-0.3596479571941735
29217,-0.19859120000703512
21027,-0.402569047415397
29219,-0.13974518351038953
21029,-0.22930589398977932
29221,0.09117638549841887
21031,0.0913183863718409
29223,0.5860243646978837
29225,-0.10048369801679195
21033,-0.042912952383210544
21035,-0.16129169325929454
29227,-0.13447403351799608
21037,-0.2612067721079548
29229,-0.13355032934823996
21039,0.09584045749781589
21041,-0.16478028734878106
21043,-0.2706679560942412
21045,-3.469010825440928E-4
21047,-0.1613599974216074
21049,-0.36096484800231043
21051,0.19641570113966134
21053,-0.0356095211732934
21055,-0.26325237262618334
21057,-0.058632262045851584
21059,-0.2399919485539172
21061,-0.22141239191577194
21063,0.8519068539229451
21065,0.21696686220388464
21067,-0.0763070033666378
21069,-0.2765216356694509
21071,-0.27701068614017205
21073,-0.33969168543721784
21075,0.23199306950539866
21077,-0.16788684356249542
21079,-0.14157986600720002
21081,-0.3106765813741555
21083,0.004086520052649283
21085,-0.22940858811090806
21087,0.08419139078089002
21089,-0.11708561028575468
21091,-0.21060277808755407
21093,-0.22648657518366225
21095,0.11667490791599394
21097,-0.3907133485235072
21099,-0.09977747787999143
21101,-0.13616020827898373
21103,-0.23796088455277384
21105,0.04135064105620456
21107,-0.10051108174880236
21109,0.22885776051019027
21111,-0.10595678946220143
21113,-0.25999549050002424
21115,-0.21286241005075243
21117,-0.270374824460036
21119,-0.1075911357555949
21121,-0.06520005989327377
21123,-0.18400272013335972
21125,-0.1786929290272078
21127,-0.35850540432998834
21129,1.7342744185358072
21131,-0.2601114864461596
21133,-0.3205615619581627
21135,-0.1364555899309766
21137,-0.26937423186402387
21139,-0.16154960717544523
21141,-0.06908894704773096
21143,-0.3955314576809113
21145,-0.18803436050235026
21147,-0.28906937281255685
21149,-0.08384132884850286
21151,-0.16339208420142975
21153,0.21093354778528658
21155,0.016342155095681227
21157,-0.25482787030285087
21159,-0.25900326557545167
21161,-0.3447687962196
21163,-0.31837226426296755
21165,-0.3953813719590243
21167,-0.28173001407018883
21169,0.04610473995210875
21171,0.217635849715794
21173,-0.3312941716215012
21175,-0.2921098756375454
21177,0.06223584237718574
21179,-0.20486908743484852
21181,-0.369262195683623
21183,0.020082677500758046
21185,-0.19492028690844299
21187,-0.26130151780902594
21189,0.03562379415413887
21191,-0.3254396872875108
13001,0.5043583042755345
21193,-0.11094643817684545
21195,-0.2247276484669319
13003,0.649271248145185
13005,0.5205453639753951
21197,-0.21205722700912527
21199,-0.2834173465720271
13007,0.03558931477680197
13009,0.17334607549678557
21201,0.5998335573356477
13011,-0.04404452437205709
21203,-0.2457381738937642
13013,-0.085701512084491
21205,-0.17048443536661526
13015,-0.07933427163003899
21207,-0.11795928744163715
21209,-0.30958578401528225
13017,0.2688620480316451
21211,9.70873124634468E-4
13019,-0.07141431951823235
13021,0.025874082690841876
21213,-0.18681204825679604
21215,-0.2877033465011217
13023,0.10002801833220078
21217,-0.100147717579849
13025,0.012914363922444598
13027,0.10667931524357267
21219,-0.11871489970088739
13029,-0.10091582279852235
21221,-0.20453271255175443
13031,0.03536243364575534
21223,-0.30949043289790046
13033,0.0899377047394205
21225,-0.04848239212933815
21227,0.06751936094527262
13035,-0.05582306168782225
13037,0.3367122863332292
21229,-0.09279223956434607
13039,-0.18614874835474182
21231,-0.2895822306132549
21233,-0.14246015364731435
54001,-0.33802050985659476
54003,-0.31872028734046876
13043,0.18518113731559957
21235,-0.08389839887488455
13045,-0.048053151826147264
54005,-0.22394149355019985
21237,-0.052029691018851465
13047,-0.24687562626656612
21239,-0.271650119464823
54007,-0.5101531406481471
13049,0.08234758853647245
54009,-0.27766694929807373
13051,-0.13239021706090587
54011,-0.26165124280723734
13053,2.1232317940942598
54013,-0.41181582246507753
13055,-0.024057335713334394
54015,-0.3197332862324963
13057,-0.19009047991384073
54017,0.14059854548341563
13059,0.09100024756824772
54019,-0.23685668573737773
13061,0.36060894918817343
54021,-0.19873213865280137
13063,-0.19344487320050038
54023,-0.10882634443546894
13065,0.47817644229917
54025,-0.4651885152948323
13067,-0.1963077282273998
54027,-0.4149466850659367
13069,0.3557788455036161
54029,-0.35649501014060103
13071,0.31871008062928957
54031,-0.3855737399638566
13073,-0.1480742816045467
54033,-0.4117944660375706
54035,-0.38307555556544687
13075,0.1394742727212649
13077,-0.23245875220351533
54037,-0.39121008440693034
54039,-0.29368769561658814
13079,-0.2761320762340696
13081,0.014693237381086181
54041,-0.4311280120795389
13083,-0.18036651757597943
54043,-0.30107410286271674
13085,-0.04762729110263595
54045,-0.23060470612730383
13087,0.24211192637422382
54047,-0.23481994914327645
13089,-0.2201008179376099
54049,-0.4539691821483774
54051,-0.23507680393941227
13091,0.031987125172762754
54053,-0.43217147758511426
13093,0.026977252624910155
13095,0.07458658731811857
54055,-0.42587951884386316
13097,-0.11876962670887954
54057,-0.10607325895883886
13099,0.44489811207852636
54059,-0.029007063825124715
54061,-0.27096649909724707
13101,0.8427149150710606
13103,-0.2294493343325691
54063,-0.21130520591266566
54065,-0.4465832383899466
13105,0.27245434148451736
13107,0.30927734928371314
54067,-0.43041044937708095
54069,-0.22964190660207462
13109,0.2913206780592195
13111,-0.1164507786238542
54071,-0.4130415842839611
13113,-0.3509519929707846
54073,-0.4979926833534798
13115,-0.02594035153524974
54075,-0.12804072910620035
13117,-0.3184580903049284
54077,-0.4305542545906105
54079,-0.28447815730993703
13119,0.1031241355960991
13121,-0.22855463713424026
54081,-0.40546876366653484
13123,-0.03952670196868046
54083,-0.3046465514559261
54085,-0.28794318275411945
13125,0.004090096320515355
29510,-0.09607251486249253
13127,0.07586501078790493
54087,-0.472451558826135
13129,0.044125131418078264
54089,-0.34858902185320917
13131,0.03907940976022195
54091,-0.33331704933169815
54093,-0.44362937412536735
13133,-0.06679748151591265
13135,-0.14412239962015702
54095,-0.42121717583879753
54097,-0.42006137344378436
13137,0.13221404083503605
13139,0.2216682441443323
54099,-0.19256883082031834
13141,0.40950703159796314
54101,-0.21469054091510487
13143,-0.10782451879400502
54103,-0.32695160752062274
13145,-0.19626859787718337
54105,-0.41782553701136693
54107,-0.34383192704132404
13147,-0.20123673308920254
13149,-0.23261538213022065
54109,-0.2086521627391092
13151,-0.20953236504849662
13153,-0.26114387417883955
13155,0.03310214541509726
13157,-0.02381267335094701
13159,-0.19101839400838241
13161,0.42163746207450764
13163,0.3727672697217026
13165,0.288703828382016
13167,0.23043773514903984
13169,-0.25370236013021225
13171,-0.17516905153441975
13173,0.0374842470718125
13175,0.060209851288134275
13177,-0.19302999666806636
13179,-0.3171278452341972
13181,-0.10812630764659517
13183,-0.4006166822638382
13185,0.019770382919839284
13187,-0.14344541295572327
13189,-0.01615673108305811
13191,-0.2438249086811942
13193,-0.23821488586716896
5001,0.06477286884469106
13195,-0.13246188214589436
5003,-0.05137588066003767
5005,-0.285145251318734
13197,-0.036618632933328815
5007,-0.0838726938309332
13199,-0.06535158810944214
5009,-0.14428374366329766
13201,0.270042980845088
5011,-0.030684663390025728
13205,0.1561330830506709
5013,0.3383114979529147
13207,-0.14031204208407316
5015,0.060560700216352396
5017,1.0959458720219166
13209,0.1502707477085546
5019,-0.21889319823045839
13211,-0.10793985009769234
13213,-0.02261774046810483
5021,0.21041200768728052
5023,-0.2629374934239159
13215,-0.08941574331909531
13217,-0.2082823675973656
5025,-0.07979934569025562
13219,-0.2138938863202747
5027,-0.09130821136211141
5029,-0.26298482329617523
13221,-0.06772789547602324
13223,-0.28818621182916343
5031,0.07598206681892443
13225,-0.15944917279357113
5033,-0.0667764492334042
5035,0.2716944145371111
13227,-0.22316948213197127
13229,0.18162167966268666
5037,0.006673650787756905
13231,-0.057359094267594064
5039,-0.02070389954771978
13233,-0.021841719405087476
5041,0.005913239985010214
13235,-0.08696240458307797
5043,-0.1283896604806215
46003,0.8123452414251805
46005,0.7714477800935757
5045,-0.20100142906506696
13237,0.08177087455532978
13239,-0.08867545279417349
5047,-0.024575192190900666
46007,1.7740027989099014
46009,0.9563490066109132
13241,-0.14243309226896075
5049,0.06478195313150074
5051,-0.22666489588990676
13243,0.35931559168712146
46011,0.10243563897685161
13245,-0.003298583037671922
5053,-0.27047925712059684
46013,0.4018509637664135
5055,0.04585093069807944
13247,-0.23510214005302907
46015,1.8054265928934998
5057,-0.11654908515424592
13249,-0.1080366706931038
46017,2.80051796004983
5059,0.6140568547957386
13251,-0.051764385723452364
46019,1.6014067316806018
13253,0.26005200753091073
5061,0.21259164618262802
46021,1.950906811423139
46023,0.2784639427260965
5063,-0.019887517323872006
13255,-0.17675201887072794
13257,0.17857151571824262
46025,0.11167197063321439
5065,0.251083833710088
46027,0.5193880579378346
13259,0.9550025087932479
5067,0.8229009145911753
5069,0.26683626811275024
13261,0.06670923916854589
46029,0.40017676710332567
5071,0.10149337814721072
13263,0.002468979095235786
46031,0.5640566043707185
5073,-0.08577860049186567
13265,-0.02688555630145772
46033,0.9005397712882127
46035,0.4348863025914456
13267,-0.03552452109308448
5075,0.18569389315874646
13269,-0.023279519547519074
5077,1.9647255820324039
46037,0.5083359619241523
5079,2.1980911672271835
46039,0.17906352942071024
13271,0.026300029672392984
13273,0.2671968399013309
5081,0.5868935477375249
46041,3.104132917066193
13275,0.0489090799730212
5083,-0.01399931954063835
46043,1.0032948680572913
13277,0.2924170577880053
5085,-0.1984131604837363
46045,0.9514536287324297
13279,0.30008545886172133
46047,-0.05232015501800543
5087,0.0129773831349405
46049,0.7793388853137165
13281,0.06500377441105153
5089,-0.2931199380104591
5091,0.02347178260984423
13283,0.22275884230518866
46051,0.8812015764776867
13285,0.15884111622989402
5093,0.4447415845692353
46053,1.6393352792185416
13287,0.23309646253362445
5095,-0.022125343749402726
46055,2.16478951794543
13289,-0.21128174317572093
46057,0.19209493963033913
5097,-0.014693126634948244
5099,0.15723906668676282
13291,0.01020282545825927
46059,0.6842604390292266
13293,0.24091845212214244
5101,0.0952092536026722
46061,1.043486056262879
13295,-0.10843458460964335
5103,-0.23247150098128389
46063,2.6357589294770865
46065,0.33968183750404235
13297,-0.150330522988456
5105,-0.32812695434014616
13299,0.4402277986943719
46067,0.18380575947338182
5107,0.18112546851950573
5109,-0.1970991178990738
13301,-0.023145215519126364
46069,0.5129308120035436
5111,0.13010331081330448
13303,0.07376046856123385
46071,0.703398525357292
5113,-0.20096985466994005
13305,0.21110121108870605
46073,1.111347098840162
5115,0.07461898197117497
13307,-0.1719574498648514
46075,1.693783126814191
13309,0.1497543668844616
5117,-0.041855599700943685
46077,1.252177212752157
5119,-0.1643334876906792
13311,-0.08373993665335516
46079,0.12695278699353987
13313,0.2984923136145266
5121,0.03217224760923956
46081,0.18480748753258966
46083,0.3157362922916589
5123,0.7549133699237731
13315,0.12034835604934038
5125,-0.19802340905881674
46085,0.7772956835466875
13317,0.003940061493988741
46087,0.31760748488718454
5127,-0.20264640706860715
13319,0.1737851001906614
5129,-0.22963411736198133
13321,-0.04697193624560368
46089,0.3343101380498904
5131,0.0020127511338782047
46091,-0.2252117987226025
5133,0.9077514365191643
46093,0.012031417796813004
5135,-0.12972883108080338
46095,1.5218584405313873
5137,-0.13688524702678548
46097,0.5292960472468318
46099,0.49166555387438393
5139,-0.10815791017307747
5141,-0.3674050821480123
46101,0.26505010497005016
5143,0.20913719502143766
46103,0.18382705999540797
5145,-0.2309690433474949
46105,1.7623902731690992
5147,-0.29505459636840364
46107,4.074361898696426
46109,0.15991756579099392
5149,0.8135320584006205
46111,0.7955853111295617
46115,0.3742839716216191
46117,0.5256256688041859
46119,0.20999432955971786
46121,0.36827122594466527
46123,1.0508912421300785
46125,0.4316639894619607
46127,0.2747568982018319
46129,0.5961203155820461
46135,0.28370443060031153
46137,0.6925067292854127
38001,2.76105305599873
38003,0.3984234271282316
38005,1.525990684062578
38007,0.754629462762961
38009,1.0333157112691123
38011,0.1533581125955343
38013,0.30174421656498407
38015,0.6156944815027734
38017,0.35947481101638773
38019,1.9236443756368
38021,1.7906012950205463
38023,-0.08491512403111628
38025,0.12872917563392686
38027,1.1942710790704736
38029,0.754979701388772
38031,0.8398852923269655
38033,2.8284608476154363
38035,0.6865662872826863
38037,0.11172801645641635
38039,1.6687892981679844
38041,2.1966243917396073
38043,1.4703386136926835
38045,1.534448143969277
38047,2.6520660307761723
38049,0.15753243294654362
38051,0.4377077871871993
38053,0.054700715835238056
38055,0.5408451545862453
38057,1.110895142404666
38059,0.673572957713168
38061,0.5090721867329354
38063,1.0587246645379897
38065,0.07328014140584699
38067,0.7099751498364978
38069,0.3191843539483545
38071,0.3545365197790135
38073,0.6891008248333808
38075,1.078908588818071
38077,0.2453121148298642
38079,0.5818773366214863
38081,0.3661786391809236
38083,0.821148760962717
38085,0.7652965781242342
38087,-0.17141614387801987
38089,0.6673779684513039
38091,0.7922274847247127
38093,0.8297265603879387
38095,2.5044733973967457
38097,0.9509688668567314
38099,0.6621423235465063
38101,0.33438504125433377
38103,0.5385708480665435
38105,0.3096900931973323
30001,0.05974877512342946
30003,1.334291325442779
30005,2.305281006527913
30007,-0.36142569773630395
30009,-0.015438983120731702
30011,6.999229908703964
30013,-0.05088691687492334
30015,1.244180621554436
30017,1.0000536674718108
30019,2.124384466051564
30021,1.4265476379813256
30023,0.21559988468629376
30025,1.9736357350693585
30027,0.8505603055890875
30029,-0.021121825373487425
30031,-0.02882328887916148
30033,1.5147425719403447
30035,0.4363905915160202
30037,-0.12987335208502632
30039,0.5701448681811019
30041,0.17995211441601913
30043,-0.27100487382047517
30045,0.5663894556848696
30047,-0.24432578978062253
30049,-0.27016081787863816
30051,-0.2291432072364986
30053,-0.25605766142684916
30055,1.8856871862368076
30057,-0.17052694885825678
30059,0.0015542363347238618
30061,0.3563224976047284
30063,-0.2872916918222227
30065,-0.14925775519336407
30067,-0.23569642667464205
30069,1.9921024414596462
30071,4.03786326644417
30073,0.05639708677993551
30075,1.624632977185943
30077,3.378408951271136
30079,3.2245447877812694
30081,-0.31484700760234047
30083,0.03377800913644833
30085,0.49001894449855343
30087,1.9927957715951417
30089,0.15340440116964998
30091,1.8572438413290697
30093,-0.06587762642100979
30095,-0.0729487161484368
30097,1.6709442709438833
30099,0.5686257274692958
30101,0.7504594843989758
30103,0.7256013505046606
30105,1.34027583646765
30107,0.13019208224699125
30109,2.488376126547955
30111,0.017407813271934636
22001,0.32699684006804725
22003,0.5650770826422062
22005,-0.031737908337059306
22007,0.062326809522233795
22009,0.10454950445187355
22011,-0.12904985677950087
22013,0.23387074474090272
22015,-0.05464347685899846
22017,0.05654053311690563
22019,0.07807067490896284
22021,0.28236024546140204
22023,0.12370901723879617
22025,0.32624167836575285
22027,0.01737203759224094
22029,0.07316999883642222
22031,0.05917682874813385
22033,0.005996354223859063
22035,1.4198442978518737
22037,0.9883267974512638
22039,0.14569196744076696
22041,0.7421751669220845
22043,-0.13472467186426226
22045,0.1277491802171419
22047,0.31786287212109116
22049,0.3508168449735953
22051,0.10738608687091929
22053,0.22940021893127183
22055,0.06961972608060256
22057,0.023239450586890996
22059,0.1262396428359259
22061,0.05913420291557441
22063,-0.07702327471643117
22065,0.9363949280216768
22067,0.12261417572202811
22069,0.07378443337785429
22071,-0.04587949723246088
22073,0.28978187776112974
22075,0.08476199142248227
22077,0.34943048073621275
22079,0.04730764516427575
22081,0.31540048816704586
22083,0.2617250242882866
22085,0.2242263484015263
22087,-0.07248768118780596
22089,0.03226050671300456
22091,0.2169369496459886
22093,0.18021039652392412
22095,0.09229504181905221
22097,0.17879877205998146
22099,0.17022848397552887
22101,0.08218936700584081
22103,-0.12138475925596999
22105,0.05485225456008116
22107,0.18834091192632918
22109,-0.0902406567112638
22111,0.32895849078405526
22113,0.007195930663250771
22115,-0.21746771505299592
22117,0.057350298898319836
22119,0.07002495193710982
22121,0.0662513807245579
22123,0.3177359742058041
22125,0.23565046564772688
22127,0.3866793705613334
55001,-0.004034966608099766
55003,-0.1677213586492446
55005,0.22445188725619697
55007,-0.22448468826403542
55009,0.3421916637081793
55011,0.019078301561528503
55013,0.36680822224876103
55015,0.218232060409619
55017,0.0609236791939199
55019,0.05638688118283455
55021,-0.025461351113872977
55023,0.20188732846770857
55025,-0.2226072318540541
55027,0.4236447388548492
55029,0.040338930955501034
55031,-0.1398868184164172
55033,-0.03757790402625437
55035,0.08937498839230497
55037,0.3517508912044775
55039,0.153455838802422
55041,0.9017625639266733
55043,0.13231277114165108
55045,-0.1524088259588085
55047,0.3684608942584877
55049,-0.07981995369565781
55051,0.21565652189325862
55053,0.2637201656368387
55055,0.046323349330069125
55057,0.07583272332127369
55059,0.04252229788921101
55061,0.43288952418301635
55063,0.08575320156526997
55065,0.20578106197833798
55067,1.0398344365800838
55069,0.5306988013969125
55071,0.19489795573929505
55073,0.09452628029783795
55075,0.24075738894442741
55077,0.19399957140968183
55078,0.7045736025278213
55079,0.24419652353934457
55081,-0.055562566218523145
55083,0.38815749626720103
55085,0.07379547242461346
55087,0.1342385829215945
55089,-0.023556209173477484
55091,0.5935921032775255
55093,-0.04109342894214471
55095,-0.030644787196847954
55097,0.11426466829940206
55099,0.10751798424335998
55101,0.21950199923985036
55103,-0.10390761947199739
55105,0.0021151032744907467
55107,0.018364362651904675
55109,-0.14499219592185544
55111,-0.07319132677167633
55113,0.03643608007110196
55115,0.4824130450495595
55117,0.11070548057006341
55119,0.6362008516183868
55121,0.3170779989032207
55123,-0.05355316124037375
55125,-0.048962331070995825
55127,0.09627875631483648
55129,-0.04356131030690539
55131,0.08157109585634306
55133,0.03921962219343066
55135,0.27969089478629894
55137,0.2647125847414971
55139,0.18635934907526452
55141,-0.040475566729704704
6001,-0.4952094581793312
6003,-0.20178480630490248
6005,-0.497927102525838
6007,-0.4189472758793192
6009,-0.508386814377714
6011,-0.15709738415156604
6013,-0.46345613229249366
6015,-0.4635310064641997
6017,-0.5022159389996195
6019,-0.21591288234639328
6021,-0.1777686952489288
6023,-0.6679482977314878
6025,0.7500986047128289
6027,-0.4098452623602945
6029,-0.05019663276090475
6031,0.4555170494480103
6033,-0.408694044579314
6035,0.9273743363596265
6037,-0.34132250962911087
6039,-0.2151537376177302
6041,-0.3450274494429057
47001,-0.21039034168628407
47003,0.09821444977387582
6043,-0.3916053488176791
6045,-0.4403637765728433
47005,-0.05596805669873284
6047,-0.02819534107564438
47007,0.6458576474921967
47009,-0.1571194119861018
6049,0.03474867221992332
47011,-0.014732313971520765
6051,-0.2025876245884019
47013,-0.25477706131342237
6053,-0.20736076647383003
6055,-0.47359647847814995
47015,-0.022501764304179366
6057,-0.5056084994805211
47017,0.09216481333313503
6059,-0.5599373449410574
47019,-0.043301555128605014
6061,-0.5015367537614206
47021,-0.1594831439013592
47023,0.07253594076335254
6063,-0.5114399467438904
6065,-0.24053600862458938
47025,-0.3102898871687104
6067,-0.4514274644836852
47027,0.28583161807390695
6069,-0.2878607924970841
47029,-0.1168513035645589
6071,-0.10854122261986127
47031,-0.007467138316247086
6073,-0.463408576781107
47033,0.6977038968901494
6075,-0.6057446760738638
47035,-0.1550864993824546
47037,0.1985859238159304
6077,-0.250784473662985
6079,-0.4160955989843555
47039,0.5244972043138147
6081,-0.4792406678020743
47041,0.058819276238018366
6083,-0.3179336447366068
47043,-0.028702691280179188
6085,-0.6046276318720721
47045,0.3415425921722716
6087,-0.5146972142242406
47047,0.05745674925198128
6089,-0.39804562967026685
47049,0.165645615384973
47051,-0.06662662965254453
6091,-0.4147283170973356
6093,-0.48559883166407775
47053,0.1442790212753097
6095,-0.451965285261864
47055,0.0034485949209928615
6097,-0.4459315476415173
47057,-0.07063189290406312
6099,-0.14585107622779714
47059,-0.14537292680295968
47061,0.06877937112529618
6101,-0.19379053588359865
47063,0.01741933008356125
6103,-0.3069869473094684
47065,-0.04644059618888076
6105,-0.3459956564692111
6107,-0.06441469722135777
47067,0.10148831391603975
47069,0.6858795751139519
6109,-0.4282050361692271
6111,-0.3939014880313703
47071,0.2383186320501211
6113,-0.44513346382263363
47073,-0.225944431407474
6115,-0.3093771159614887
47075,0.6379721377363732
47077,0.33563202743556075
47079,-0.07053021759552586
47081,-0.009468577434175339
47083,0.13716621914098578
47085,-0.14776581887515564
47087,0.15608528951765824
47089,-0.18734852433027965
47091,0.3550584321909318
47093,-0.20089746116051904
47095,2.2464508585984886
47097,0.4321345315069034
47099,0.14127986503108228
47101,0.02835916345038398
47103,-0.1033456785500418
47105,-0.10833836451975985
47107,-0.061794011893359584
47109,0.09282843021613726
47111,0.4412097327525438
47113,0.02783545415966297
47115,-0.17435205267936782
47117,0.019726796231022352
47119,0.05757838520587226
47121,-0.14503566431009676
47123,-0.09008355640627384
47125,-0.27566973704618986
47127,0.31151609328463503
47129,-0.21631350443291106
47131,0.456348314611966
47133,0.20479694601549003
47135,0.033496127174742346
47137,0.8909358095422282
47139,-0.055161356865416726
47141,0.3133080878016723
47143,0.21894757401854495
47145,-0.1560681835219584
47147,0.06051404958272675
47149,-0.005287553042900967
47151,-0.1510858670497238
47153,-0.16921571561573787
47155,-0.0323388961215589
47157,-0.02984538852767912
47159,0.2738814922968798
47161,-0.07536990495554895
47163,-0.26601518248516953
47165,0.0036837914505330636
47167,0.09897967271845992
47169,1.873490811224496
47171,-0.06066580601871658
47173,-0.1845980460988531
47175,0.28134177531607807
47177,0.09664496604273587
47179,-0.13176452200425057
47181,0.8129127299681294
47183,0.17252465696009256
47185,0.14819977780599256
47187,-0.15401928044399155
47189,-0.01160568648664067
39001,-0.2850665265131527
39003,-0.03360960631368383
39005,-0.4290266926624017
39007,-0.3637503102524683
39009,-0.27264513184050965
39011,-0.02325283970454766
39013,-0.3139225615970465
39015,-0.3189596854989553
39017,-0.1786012007525788
39019,-0.4056852954937045
39021,-0.34702815724385594
39023,-0.18900119098045415
39025,-0.30292997276910816
39027,-0.3409063355848343
39029,-0.12522713963922213
39031,-0.39042108086786864
39033,-0.28098895559849707
39035,-0.2652167655347172
39037,-0.0969990815029788
39039,-0.23153321928692608
39041,-0.3272165432334677
39043,-0.26012083358548255
39045,-0.20405887294836955
39047,-0.2623775418557362
39049,-0.15876159058843733
39051,-0.25779785613021233
39053,-0.32921832824996133
39055,-0.36813540707346754
39057,-0.27453136197889644
39059,-0.3177892565561031
39061,-0.16744810968857915
39063,-0.2648914386688795
39065,-0.20337440317781322
39067,-0.3652133435927922
39069,-0.10597322098281635
39071,-0.3745033742646223
39073,-0.2625781653210018
39075,-0.21932735579846574
39077,-0.3322726897846699
39079,-0.1975804245147232
39081,-0.3823879489708471
39083,-0.3982038910361725
39085,-0.317508684822564
39087,-0.2545140159680161
39089,-0.2592165752932896
39091,-0.31542924232191355
39093,-0.39119278271863983
39095,-0.19800693424996685
39097,-0.12617584760641762
39099,-0.21447535431543144
39101,0.3399254998885261
39103,-0.3325530813212321
39105,-0.3679270866768758
39107,0.22359620977779654
39109,-0.1647196438224543
39111,-0.23319667465683347
39113,-0.18903038852884638
39115,-0.33746657844454336
39117,-0.27986963367206164
39119,-0.2960759570332763
39121,-0.10524833245613809
39123,-0.22257644453016848
39125,-0.1497806899972997
39127,-0.33010836263043125
39129,0.5027282261533484
39131,-0.2961893136606876
39133,-0.3560995554923607
39135,-0.14917000300726982
39137,0.2561422102035145
39139,-0.32536609055810484
39141,-0.21490275178905338
39143,-0.29879105277698254
39145,-0.24974906377058378
39147,-0.27905775605926814
39149,-0.15229936202978103
39151,-0.3680636933396003
39153,-0.3363184402918494
39155,-0.3226953425327722
39157,-0.1976107300444277
39159,-0.27182749241012627
39161,-0.2507882579679176
39163,-0.25005507574887165
39165,-0.20617302108852142
39167,-0.3635867298052264
39169,-0.2976656553364953
39171,-0.258962428315
39173,-0.19220904111866197
39175,-0.2246541328179543
31001,-0.042156091764630435
31003,-0.042618601595877686
31005,1.2150273432287721
31007,-0.03155227714831089
31009,2.6024366124479834
31011,0.46157852799620464
31013,0.06754933479191094
31015,0.9398089320600435
31017,2.2920168483120644
31019,0.11985189142304221
31021,0.17135795318145264
31023,0.4263707840139463
31025,-0.202227710737446
31027,0.13107129005809165
31029,0.8124492996341207
31031,-0.24615804827318688
31033,0.04669986766480937
31035,0.20742334715632255
31037,1.205891975672633
31039,0.13783739703991804
31041,-0.029024188939226748
31043,2.9291563880328946
31045,0.3499496454590402
31047,0.5121047155189142
31049,0.2394879774777896
31051,0.4824680766029939
31053,0.3741168755934416
31055,0.14444695374780087
31057,0.8352368107502067
31059,0.25906993649211435
31061,0.1367809591087132
31063,0.03463401535590297
31065,0.17685520264610996
31067,0.0945712409493015
31069,0.47912598713976906
31071,0.618140383042117
31073,0.021093201861401314
31075,1.9573032189125277
31077,0.18811894586354796
31079,0.40882199076774783
31081,0.1407569359842992
31083,0.5562957148379803
31085,5.138425811002693
31087,0.017657426001684937
31089,0.2508366413787098
31091,1.5313223592463125
31093,0.19421984420945232
31095,0.205253713300442
31097,0.07904408762213175
31099,0.18767339171098932
31101,0.19610213530004866
31103,1.2635431879859793
31105,-0.07586097578699984
31107,-0.09670756222285791
31109,-0.04456647775149085
31111,-0.02043881759995298
31113,3.2154011006892422
31115,2.616002077665786
31117,0.8902056897629087
31119,0.35234503689737284
31121,0.06574781390818676
31123,0.3810940486478517
31125,0.43029819620238274
31127,-0.1370579495028954
31129,0.4264932137364267
31131,-0.09899547200886633
31133,0.8231106276719272
31135,1.6290394774702104
31137,0.12508843367343325
31139,0.14765693672587796
31141,0.5137833692414608
31143,0.17271786427484676
31145,0.14620556059941278
31147,0.22677331351894203
31149,1.338496718018939
31151,1.2790874540437571
31153,0.015166040103587896
31155,0.011506619383900855
31157,0.3580085745679966
31159,-0.018668072839478203
31161,0.9859522008569334
31163,0.02468478200355852
31165,0.04404450955713636
31167,-0.16248455707114703
31169,0.5155005106643341
31171,0.1768716562066409
31173,0.8135684911703188
31175,0.1324602132637044
31177,0.002797151647641362
31179,0.3651596632548261
31181,0.19094257672306125
31183,0.434379963756132
31185,0.20616952111824594
23001,-0.5001278402486986
23003,-0.5998932185410997
23005,-0.4966943118804706
23007,-0.5626442035699755
23009,-0.5797285818160003
23011,-0.5956916160560634
23013,-0.6074389751035161
23015,-0.6382692115305892
23017,-0.5995708401013216
23019,-0.6016402188861696
23021,-0.5521026299148815
23023,-0.6054615514938778
23025,-0.545187445933731
23027,-0.5695025303386971
23029,-0.5648357308905378
23031,-0.5220581300257393
15001,-0.5801580488420992
15003,-0.5418586492558135
15007,-0.6749404372893357
15009,-0.632341491288232
56001,0.14413287206536973
56003,-0.061463744226158155
56005,-0.037886880428446505
56007,-0.1216777096358309
56009,-0.1326758677667642
56011,-0.17547803508632254
56013,0.2371215901721266
56015,-0.09017745580370025
56017,-0.25664491250749644
56019,-0.21637001170653694
56021,-0.1653690032380167
56023,-0.21919740026104212
56025,-0.054013528504502015
56027,-0.06503521055853223
56029,-0.23079115705039438
56031,0.17065652534445291
56033,-0.05774996568277933
56035,-0.14098268816228393
56037,-0.1959181222934569
56039,0.10891469444947498
56041,0.0580345897253397
56043,0.04492696642988086
56045,0.5971462982282216
48001,0.36606908370913654
48003,0.15317583652920344
48005,-0.0274998216427782
48007,-0.3352264154645973
48009,0.05460161717566234
48011,-0.22093549730071357
48013,-0.2483719412062091
48015,-0.3284942950090224
48017,0.7911817082588251
48019,-0.43238228805338363
48021,-0.27276662737261104
48023,-0.1350691211986604
48025,0.4206616425391088
48027,-0.38424112758567874
48029,-0.3191142986365022
48031,-0.4115175711005878
48033,0.38417383637982727
48035,-0.1382110897328589
48037,-0.3621194847324453
48039,-0.16403288286116402
48041,-0.029408515434866767
48043,0.6640307223204398
48045,-0.07652954664354814
48047,0.45243988975625493
48049,-0.1074605730251847
48051,-0.14756934985727382
48053,-0.26010936434560267
48055,0.056698382181213064
48057,0.033640630128141925
48059,-0.3982038062834409
48061,0.21687554833182643
48063,-0.06002414019534466
48065,-0.33653686147852346
48067,-0.374797339417614
48069,0.204367834404906
48071,0.008796435585586189
48073,-0.1384456750582064
48075,0.8841299419129045
48077,-0.29147638456648534
48079,0.3047320701299387
48081,0.48785873054391093
48083,-0.1817826761113905
48085,-0.39045604372041653
48087,-0.2773905266711447
48089,-0.13985880990266036
48091,-0.2162424137777292
48093,-0.1383726952811944
48095,0.21008489300697128
48097,-0.254502661415295
48099,-0.20701932371605244
48101,0.268214502214756
48103,-0.01149827175711413
48105,1.6358100625361405
48107,-0.15095704058254694
48109,2.0691417674720385
48111,0.3593280651381649
48113,-0.0383026302952251
48115,0.5148301928988623
48117,0.7625121109510284
48119,-0.46667538675657205
48121,-0.3437003903078015
48123,0.16831759514150185
48125,-0.12822225490637784
48127,-0.01808111802101525
48129,0.04312766645743721
48131,0.3333819012318277
48133,-0.40649793114055144
48135,0.13762789628052657
48137,1.3279108302317046
48139,-0.18314230199903245
48141,0.3873074145958042
48143,-0.22954548249814996
48145,-0.09198801411615981
48147,-0.29450880459916384
48149,-0.2797114838665389
48151,0.3483602686786746
48153,-0.07804310106373628
48155,0.5955521441207005
48157,-0.37323396295124234
48159,-0.31151564765487605
48161,-0.17935265426643512
48163,0.3263431227603079
48165,-0.14999573393752585
48167,-0.07929888496524376
48169,0.0072876584499611185
48171,-0.2870418790299335
48173,-0.08524684634098012
48175,-0.2406513607780335
48177,0.3519410835723957
48179,0.027935365409780723
48181,-0.2560486599573125
48183,-0.21561814708530944
48185,0.1467573557422035
48187,-0.273082899276589
48189,0.9147470281643104
48191,0.02623323156773157
40001,0.05996490340220043
48193,-0.12189745783316078
48195,0.03515178075136194
40003,0.1744837123281161
40005,0.10742816783022215
48197,0.06786770095848836
48199,-0.20620837536197648
40007,-0.12164874222622772
48201,-0.2173433944655323
40009,0.090759441008676
48203,-0.29245920233192046
40011,0.21387865175797047
40013,0.008579954932385827
48205,0.1826880233972075
40015,0.19392695629999407
48207,-0.13269056711030336
48209,-0.16909208022955055
40017,-0.13691041684193536
40019,-0.24088929966223438
48211,0.21779492238851336
40021,-0.07032317027420491
48213,-0.25027405360139576
48215,0.05447048777533778
40023,-0.003164556470302964
48217,-0.2090126369358068
40025,-0.04324836992723308
40027,-0.13405146218190106
48219,-0.05262455819044145
48221,-0.2672256685364798
40029,0.5625300178406386
48223,-0.3694501533483888
40031,-0.16867908269507356
40033,-0.10936377647511347
48225,-0.15648985578160973
40035,0.12949962135188364
48227,0.09839219501634104
40037,-0.18777909823721534
48229,0.5246346385546266
40039,0.08268850872314783
48231,-0.26193171879302873
40041,-0.08828301819384915
48233,-0.21874690966256402
40043,-0.06816121211425868
48235,-0.057126772230438785
48237,-0.20245390262380525
40045,0.8040075430589851
48239,0.10559213360118248
40047,0.1407216497895873
40049,-0.06391805986071254
48241,-0.3735557567887047
40051,-0.12015952421433172
48243,0.3879955298705882
48245,-0.029794044654646388
40053,-0.077929661217218
40055,0.2431445702080757
48247,0.16054789439636105
48249,0.11568928908575422
40057,0.6799945689807073
48251,-0.26092106394994663
40059,0.21083636236227696
48253,0.5146863954231948
40061,0.13647095788669833
48255,0.2809994139140953
40063,0.5294313472641105
40065,0.17037183243040668
48257,-0.15559678772852711
48259,-0.4954685584681963
40067,-0.13815048018613713
40069,0.052979525122800575
48261,0.7450466325527043
40071,-0.18462535728014953
48263,0.6761503282999775
48265,-0.3679040613617824
40073,0.1000922379075911
40075,-0.134057647671768
48267,-0.0963868790032842
40077,-0.2668708230138916
48269,1.1158159384652744
40079,-0.048397433606
48271,0.046379263831907734
40081,-0.19951203541487855
48273,-0.09241080511472731
40083,-0.31454421113016107
48275,-0.08175082539287719
48277,0.03222906780421157
40085,0.05612680874310642
40087,0.019122479883641186
48279,0.3054838147882138
40089,0.4330049992436302
48281,-0.3707268022217595
48283,0.5147062671380201
40091,0.04616419410762482
48285,0.23271825430485213
40093,0.10241146910944275
48287,-0.3480887888697202
40095,-0.08165866915236787
40097,-0.1810172739274225
48289,-0.27919622939982275
48291,-0.2070329827676981
40099,-0.03435121219423061
40101,0.05647645180807999
48293,-0.1828391120798139
40103,-0.08373011564725305
48295,0.0921013806135407
40105,-0.11216931803089375
48297,-0.055457239149829175
48299,-0.47223320846943495
40107,0.3870875586213203
40109,-0.09921641239726717
48301,5.060700281394166
48303,0.46859599777416944
40111,-0.0607879493058794
40113,-0.09484567793090858
48305,0.12805801701360628
40115,0.05885128570096213
48307,-0.10050972000195768
40117,-0.22884087389838714
48309,0.02420623734528998
40119,-0.06641941577276782
48311,1.3847904537703888
40121,-0.11960440496121477
48313,0.4527408327308187
40123,-0.10098945161696801
48315,-0.18751791984193034
40125,-0.07283703400038176
48317,-0.15327116245218453
48319,-0.18920836325996696
40127,0.06496146772781555
48321,-0.182032540762221
40129,1.1358076080824187
48323,0.531940881001773
40131,-0.06987555396048331
48325,-0.23193863474401827
40133,-0.01222424289624756
40135,-0.12282273768109661
48327,0.9888746993190457
48329,-0.10584880113639546
40137,-0.22853232071375004
48331,-0.26455334237276285
40139,1.234399953553316
40141,-0.05420029107203814
48333,0.049942157903811304
40143,-0.1040851116578142
48335,-0.12484627429677031
40145,-0.1967792412797168
48337,-0.24731768471863264
48339,-0.3406504265809744
40147,-0.16236003293112697
48341,0.7127797696866494
40149,0.13504597592438233
48343,-0.35585725550087927
40151,0.18084562023589262
40153,0.4805183335585227
48345,-0.28651471898500863
48347,-0.1746225020534869
48349,0.10708792568972508
48351,-0.39354517855203036
48353,0.25628035957910295
48355,0.3694789799223583
48357,0.4046605039565535
48359,-0.35021855314247663
48361,-0.20639345875988047
48363,-0.14130626809352617
48365,-0.22739027109620963
48367,-0.31215075370196615
48369,0.7956050483080587
48371,0.09691036147499547
48373,-0.18144687488689648
48375,0.7306959177664406
48377,0.7837016839923777
48379,-0.25553545323527677
48381,0.28442726183762007
48383,0.7739495716428012
32001,-0.17193362208955526
48385,0.7010650039436258
32003,-0.0758787107495437
48387,-0.23512308143038693
32005,-0.39900655818759706
48389,0.20662884952053426
32007,-0.07722382792852808
48391,0.6307174227050709
48393,-0.032246883476188266
32009,6.098132422164004
48395,-0.23035608740516286
32011,-0.17560544182542565
48397,-0.25108648293538394
32013,-0.29964948950136905
32015,0.040600504754139274
48399,0.11504393009376047
48401,-0.3593268003959895
32017,0.024427606224221833
32019,-0.3852668094993904
48403,-0.426055970306579
48405,0.09446326358149588
32021,-0.2778435713952121
32023,-0.3317741402175124
48407,-0.5013227863874314
48409,-0.24503397993908604
48411,0.4412630590976886
32027,-0.24404798301727745
32029,-0.291764406573567
48413,0.8234394018715031
32031,-0.09494665119985832
48415,0.766484908017911
32033,-0.20658584216306478
48417,-0.22084200530372372
48419,-0.22232339693279968
48421,0.07447178119136862
48423,-0.19784486393847112
48425,0.20662845186949508
48427,0.3824200601310545
48429,-0.19567654324536346
48431,1.0995991982994686
48433,0.4682007846314239
48435,1.0200566747065036
48437,-0.14004220424860028
48439,-0.1297025009511952
48441,0.06991789865765029
48443,0.351307317521313
48445,0.20423579667791056
48447,0.04902535339548599
48449,0.38463363780394677
48451,0.2653377779173058
48453,-0.26607251418730415
48455,-0.3473745438912185
48457,-0.39812737817188687
48459,-0.4752054810139495
48461,0.10209705535683071
48463,-0.030548300979743124
48465,0.29276155557333156
48467,-0.31760839124615264
48469,0.19145143121234923
48471,0.44661644090437363
48473,-0.314834117571145
48475,0.1640684827022323
48477,-0.22748102671676815
48479,0.27867573987347144
48481,-0.03621513676929473
48483,0.13719637656949907
48485,-0.09209413771625179
48487,0.12533817504633535
48489,0.3438641867306547
48491,-0.3340106828936293
48493,-0.32977577046770834
48495,-0.0800191941411628
48497,-0.28913340872452475
48499,-0.3478372093626356
48501,0.4328717889123642
48503,-0.03509030842541429
48505,-0.05326564697959651
48507,0.467252087187408
24001,-0.1261407333088716
24003,-0.2927893904714918
24005,-0.21394014574668607
24009,-0.42273749083191714
24011,-0.2412934091632655
24013,-0.4074814189315746
24015,-0.3751928933696585
24017,-0.31532524764362513
24019,-0.16295719941174505
24021,-0.28997033032027675
24023,-0.35417110337318486
24025,-0.4096149386929139
24027,-0.32412887507368
24029,-0.2819873461388522
24031,-0.24793278182220396
24033,-0.007535987667056339
24035,-0.3522706993054556
24037,-0.3803887214629634
24039,-0.19944184531803677
24041,-0.38939194816376
24043,-0.3019912198442746
24045,-0.21289321015905757
24047,-0.2719461386072682
16001,-0.037253738187135337
16003,-0.3140015731701385
16005,-0.09897003296654366
16007,0.36515485411954884
16009,0.20004118415106742
16011,-0.0073871067213957505
16013,0.28878834067072756
16015,0.04949425683118279
16017,-0.3664887766505926
16019,0.1141884785821434
16021,0.2701530216139732
16023,2.0984388117039665
16025,-0.01784865050082951
16027,0.17894690651610246
16029,0.12609128008483816
16031,0.4343849961684455
16033,2.3247638759388596
16035,1.1779333925640783
16037,-0.24008494616497714
16039,-0.2069539147548385
16041,0.5228291777169781
16043,-0.04145325408211767
16045,-0.014630077278546032
16047,0.14760888804259958
16049,-0.1651291705877872
16051,-0.05472620617426665
16053,0.3867383634355016
16055,-0.13830492398909777
16057,-0.14141956035729983
16059,0.21122587697744738
16061,2.311862882029834
16063,0.1919364540325157
16065,0.3747217486330769
16067,0.43443734572954057
16069,-0.0565286268295542
16071,0.40663312246312455
16073,0.1382091875310691
16075,0.21893303780446663
16077,0.2557240847701835
16079,0.7525040234875937
16081,-0.194449153764551
16083,0.20440073137711237
16085,-0.3941027516794619
16087,0.40319511250000506
32510,-0.18357408671955083
8001,-0.030062930745217768
8003,-0.10131596162439951
8005,-0.1723976891421712
8007,-0.40780008142164687
8009,-0.2120091622711899
8011,0.382253200225425
8013,-0.28615727417394404
8014,-0.31517439436948375
8015,-0.24273085671903968
8017,0.08960969355564803
8019,-0.47454720442487286
8021,-0.19797012930654884
8023,-0.3336445823427675
8025,1.215840916367659
8027,-0.44600796551179006
8029,-0.4209252227135536
8031,-0.08722940645446864
8033,-0.11961408919857319
8035,-0.36037507952603837
8037,-0.11111504073994546
8039,-0.40104694843740407
8041,-0.25877372423777817
49001,0.145052545621399
49003,-0.23964732114997087
8043,-0.101730199508705
8045,-0.2025688146037701
49005,0.060727010852024074
49007,-0.19969156199241425
8047,-0.4372696894615493
8049,-0.39227000216388647
49009,0.13670677531544567
49011,-0.18879236740221358
8051,-0.24440504075142155
8053,-0.48985199736218427
49013,-0.33259571547797473
8055,-0.4150971559806046
49015,-0.25441040225611955
49017,-0.12758274723709617
8057,0.041783875981883115
8059,-0.3020127775608116
49019,-0.26628122532118226
49021,-0.20740838549724308
8061,1.1545963620537207
8063,-0.14807096868452102
49023,-0.12105975484935426
8065,-0.18739682502394142
49025,-0.3196366893820675
8067,-0.36263232171581755
49027,-0.1384721816095976
8069,-0.36798150304522725
49029,-0.18360465702665052
8071,-0.43538655256483966
49031,-0.009248449708305925
8073,0.14971421100778542
49033,-0.019070982798166033
49035,0.06208739645624391
8075,0.6437325500365977
8077,-0.2947892310487766
49037,0.4822527271908555
8079,0.12023893219897383
49039,-0.047662794675974396
8081,-0.39146802922826196
49041,-0.06117854944121192
49043,0.05650069833240309
8083,-0.30995175083157256
49045,-0.19867851714722015
8085,-0.31251520162494556
8087,0.09816890344196101
49047,-0.40403348895041064
49049,0.2107837333468947
8089,-0.27223946345475436
49051,0.19099405159928487
8091,-0.3224503493166405
49053,-0.06353526196798705
8093,-0.5211568850129944
8095,-0.14683513507693174
49055,0.2700374758059241
49057,-0.17395232825946025
8097,-0.31746160491837827
8099,-0.010421706030344013
8101,-0.1362807219689857
8103,-0.3713592502875622
8105,-0.3392640271036439
8107,-0.38815116233027075
8109,-0.11555375865981019
8111,-0.0802622957179607
8113,-0.31873187447899565
8115,1.2267404216219067
8117,-0.09396300462430537
8119,-0.3608308571258469
8121,-0.03938420015741041
8123,-0.14579615081112407
8125,-0.2759996651115473
24510,-0.09267757266427588
